{"cameraMode":{"drawMode":0,"name":"Shaded","section":"Shading Mode"},"sceneLighting":false,"audioPlay":false,"sceneViewState":{"m_AlwaysRefresh":false,"showFog":true,"showSkybox":false,"showFlares":true,"showImageEffects":true,"showParticleSystems":true,"showVisualEffectGraphs":true,"m_FxEnabled":true},"in2DMode":false,"pivot":{"x":10.832910537719727,"y":0.6462178230285645,"z":25.720903396606447},"rotation":{"x":-0.060844842344522479,"y":-0.023047400638461114,"z":0.0014130612835288048,"w":-0.997891902923584},"size":5.772967338562012,"orthographic":false}