{"cameraMode":{"drawMode":0,"name":"Shaded","section":"Shading Mode"},"sceneLighting":false,"audioPlay":false,"sceneViewState":{"m_AlwaysRefresh":false,"showFog":true,"showSkybox":false,"showFlares":true,"showImageEffects":true,"showParticleSystems":true,"showVisualEffectGraphs":true,"m_FxEnabled":true},"in2DMode":false,"pivot":{"x":-2.9802322387695315e-8,"y":0.6610576510429382,"z":0.2223203182220459},"rotation":{"x":0.0010905261151492596,"y":-0.9901386499404907,"z":0.13993385434150697,"w":0.007719683926552534},"size":4.30163049697876,"orthographic":true}