{"cameraMode":{"drawMode":0,"name":"Shaded","section":"Shading Mode"},"sceneLighting":false,"audioPlay":false,"sceneViewState":{"m_AlwaysRefresh":false,"showFog":true,"showSkybox":false,"showFlares":true,"showImageEffects":true,"showParticleSystems":true,"showVisualEffectGraphs":true,"m_FxEnabled":true},"in2DMode":false,"pivot":{"x":-2.9802322387695315e-8,"y":0.5173887014389038,"z":0.16561077535152436},"rotation":{"x":0.0015567363006994129,"y":-0.9937292337417603,"z":0.11107086390256882,"w":0.014019772410392762},"size":2.098315954208374,"orthographic":true}